,obs,obs_text,reward,reward_text,score,skeleton,actions_text,actions
0,"[-0.08547232 -0.0605     -0.03736656 -0.04489369  0.6563787   1.
 -0.1843803  -1.          0.          0.12302229  0.9615712   1.1558394
 -0.45532265  1.          0.46195582  0.467202    0.483553    0.5130294
  0.5597188   0.6313555   0.74316025  0.92842185  1.          1.        ]","Observation from last step: 
Hull angle: -0.09
Angular velocity: -0.06
X velocity: -0.04
Y velocity: -0.04
Back revolute joint angle: 0.66
Back revolute joint speed: 1.00
Back lower leg angle: -0.18
Back lower leg speed: -1.00
Back leg ground contact flag: 0.00
Front revolute joint angle: 0.12
Front revolute joint speed: 0.96
Front lower leg angle: 1.16
Front lower leg speed: -0.46
Front leg ground contact flag: 1.00
Lidar 1 (0.00 rad): 0.46
Lidar 2 (0.15 rad): 0.47
Lidar 3 (0.30 rad): 0.48
Lidar 4 (0.45 rad): 0.51
Lidar 5 (0.60 rad): 0.56
Lidar 6 (0.75 rad): 0.63
Lidar 7 (0.90 rad): 0.74
Lidar 8 (1.05 rad): 0.93
Lidar 9 (1.20 rad): 1.00
Lidar 10 (1.35 rad): 1.00",-0.2194618079264947,The reward from the last step was: -0.22,-0.7518319914024324,"
_
Observation from last step: 
Hull angle: -0.09
Angular velocity: -0.06
X velocity: -0.04
Y velocity: -0.04
Back revolute joint angle: 0.66
Back revolute joint speed: 1.00
Back lower leg angle: -0.18
Back lower leg speed: -1.00
Back leg ground contact flag: 0.00
Front revolute joint angle: 0.12
Front revolute joint speed: 0.96
Front lower leg angle: 1.16
Front lower leg speed: -0.46
Front leg ground contact flag: 1.00
Lidar 1 (0.00 rad): 0.46
Lidar 2 (0.15 rad): 0.47
Lidar 3 (0.30 rad): 0.48
Lidar 4 (0.45 rad): 0.51
Lidar 5 (0.60 rad): 0.56
Lidar 6 (0.75 rad): 0.63
Lidar 7 (0.90 rad): 0.74
Lidar 8 (1.05 rad): 0.93
Lidar 9 (1.20 rad): 1.00
Lidar 10 (1.35 rad): 1.00
rewards: The reward from the last step was: -0.22
score: Score: -0.7518319914024324


Actions 
","['1. Move Back revolute joint 0.1, Back lower leg -0.5, Front revolute joint 0.2, Front lower leg 0.8', '2. Move Back revolute joint 0.2, Back lower leg -0.4, Front revolute joint 0.1, Front lower leg 0.7', '3. Move Back revolute joint 0.0, Back lower leg -0.3, Front revolute joint 0.3, Front lower leg 0.9', '4. Move Back revolute joint 0.3, Back lower leg -0.2, Front revolute joint 0.4, Front lower leg 0.6', '5. Move Back revolute joint 0.4, Back lower leg -0.1, Front revolute joint 0.5, Front lower leg 0.5']","[[0.1, -0.5, 0.2, 0.8], [0.2, -0.4, 0.1, 0.7], [0.0, -0.3, 0.3, 0.9], [0.3, -0.2, 0.4, 0.6], [0.4, -0.1, 0.5, 0.5]]"
1,"[-0.31942627 -0.11355816 -0.05943766  0.06264357  1.0261254   0.73069394
 -0.60303926  0.          0.          0.5405959   0.26588562  0.59044755
  0.75702876  0.          0.46681517  0.47211656  0.48863953  0.518426
  0.56560653  0.63799685  0.75097764  0.938188    1.          1.        ]","Observation from last step: 
Hull angle: -0.32
Angular velocity: -0.11
X velocity: -0.06
Y velocity: 0.06
Back revolute joint angle: 1.03
Back revolute joint speed: 0.73
Back lower leg angle: -0.60
Back lower leg speed: 0.00
Back leg ground contact flag: 0.00
Front revolute joint angle: 0.54
Front revolute joint speed: 0.27
Front lower leg angle: 0.59
Front lower leg speed: 0.76
Front leg ground contact flag: 0.00
Lidar 1 (0.00 rad): 0.47
Lidar 2 (0.15 rad): 0.47
Lidar 3 (0.30 rad): 0.49
Lidar 4 (0.45 rad): 0.52
Lidar 5 (0.60 rad): 0.57
Lidar 6 (0.75 rad): 0.64
Lidar 7 (0.90 rad): 0.75
Lidar 8 (1.05 rad): 0.94
Lidar 9 (1.20 rad): 1.00
Lidar 10 (1.35 rad): 1.00",-0.3576776933352129,The reward from the last step was: -0.36,-2.346291804838304,"
_
Observation from last step: 
Hull angle: -0.32
Angular velocity: -0.11
X velocity: -0.06
Y velocity: 0.06
Back revolute joint angle: 1.03
Back revolute joint speed: 0.73
Back lower leg angle: -0.60
Back lower leg speed: 0.00
Back leg ground contact flag: 0.00
Front revolute joint angle: 0.54
Front revolute joint speed: 0.27
Front lower leg angle: 0.59
Front lower leg speed: 0.76
Front leg ground contact flag: 0.00
Lidar 1 (0.00 rad): 0.47
Lidar 2 (0.15 rad): 0.47
Lidar 3 (0.30 rad): 0.49
Lidar 4 (0.45 rad): 0.52
Lidar 5 (0.60 rad): 0.57
Lidar 6 (0.75 rad): 0.64
Lidar 7 (0.90 rad): 0.75
Lidar 8 (1.05 rad): 0.94
Lidar 9 (1.20 rad): 1.00
Lidar 10 (1.35 rad): 1.00
rewards: The reward from the last step was: -0.36
score: Score: -2.346291804838304


Actions 
","['1. Move Back revolute joint 0.3, Back lower leg -0.6, Front revolute joint 0.5, Front lower leg 0.4  ', '2. Move Back revolute joint 0.2, Back lower leg -0.5, Front revolute joint 0.6, Front lower leg 0.3  ', '3. Move Back revolute joint 0.1, Back lower leg -0.4, Front revolute joint 0.4, Front lower leg 0.5  ', '4. Move Back revolute joint 0.4, Back lower leg -0.3, Front revolute joint 0.3, Front lower leg 0.6  ', '5. Move Back revolute joint 0.0, Back lower leg -0.2, Front revolute joint 0.2, Front lower leg 0.7  ']","[[0.3, -0.6, 0.5, 0.4], [0.2, -0.5, 0.6, 0.3], [0.1, -0.4, 0.4, 0.5], [0.4, -0.3, 0.3, 0.6], [0.0, -0.2, 0.2, 0.7]]"
2,"[-0.60443926 -0.10655162 -0.05130391 -0.02244509  1.0467254  -0.24406588
 -0.62988114  0.          0.          0.846062    0.99257576  0.93490696
  0.          0.          0.46844998  0.47376993  0.49035078  0.52024156
  0.5675873   0.64023113  0.7536076   0.94147354  1.          1.        ]","Observation from last step: 
Hull angle: -0.60
Angular velocity: -0.11
X velocity: -0.05
Y velocity: -0.02
Back revolute joint angle: 1.05
Back revolute joint speed: -0.24
Back lower leg angle: -0.63
Back lower leg speed: 0.00
Back leg ground contact flag: 0.00
Front revolute joint angle: 0.85
Front revolute joint speed: 0.99
Front lower leg angle: 0.93
Front lower leg speed: 0.00
Front leg ground contact flag: 0.00
Lidar 1 (0.00 rad): 0.47
Lidar 2 (0.15 rad): 0.47
Lidar 3 (0.30 rad): 0.49
Lidar 4 (0.45 rad): 0.52
Lidar 5 (0.60 rad): 0.57
Lidar 6 (0.75 rad): 0.64
Lidar 7 (0.90 rad): 0.75
Lidar 8 (1.05 rad): 0.94
Lidar 9 (1.20 rad): 1.00
Lidar 10 (1.35 rad): 1.00",-0.332177423318226,The reward from the last step was: -0.33,-4.163395919227724,"
_
Observation from last step: 
Hull angle: -0.60
Angular velocity: -0.11
X velocity: -0.05
Y velocity: -0.02
Back revolute joint angle: 1.05
Back revolute joint speed: -0.24
Back lower leg angle: -0.63
Back lower leg speed: 0.00
Back leg ground contact flag: 0.00
Front revolute joint angle: 0.85
Front revolute joint speed: 0.99
Front lower leg angle: 0.93
Front lower leg speed: 0.00
Front leg ground contact flag: 0.00
Lidar 1 (0.00 rad): 0.47
Lidar 2 (0.15 rad): 0.47
Lidar 3 (0.30 rad): 0.49
Lidar 4 (0.45 rad): 0.52
Lidar 5 (0.60 rad): 0.57
Lidar 6 (0.75 rad): 0.64
Lidar 7 (0.90 rad): 0.75
Lidar 8 (1.05 rad): 0.94
Lidar 9 (1.20 rad): 1.00
Lidar 10 (1.35 rad): 1.00
rewards: The reward from the last step was: -0.33
score: Score: -4.163395919227724


Actions 
","['1. Move Back revolute joint 0.4, Back lower leg -0.6, Front revolute joint 0.5, Front lower leg 0.3  ', '2. Move Back revolute joint 0.3, Back lower leg -0.5, Front revolute joint 0.4, Front lower leg 0.4  ', '3. Move Back revolute joint 0.2, Back lower leg -0.4, Front revolute joint 0.2, Front lower leg 0.5  ', '4. Move Back revolute joint 0.1, Back lower leg -0.3, Front revolute joint 0.0, Front lower leg 0.6  ', '5. Move Back revolute joint 0.0, Back lower leg -0.2, Front revolute joint -0.1, Front lower leg 0.7  ']","[[0.4, -0.6, 0.5, 0.3], [0.3, -0.5, 0.4, 0.4], [0.2, -0.4, 0.2, 0.5], [0.1, -0.3, 0.0, 0.6], [0.0, -0.2, -0.1, 0.7]]"
3,"[-8.6995703e-01 -6.8416685e-02 -3.1248365e-02 -1.0016470e-01
  1.1021643e+00 -3.2466039e-01 -6.1529148e-01  0.0000000e+00
  0.0000000e+00  1.1349666e+00  0.0000000e+00  9.3505847e-01
  1.3907750e-07  0.0000000e+00  4.5034802e-01  4.5546240e-01
  4.7140253e-01  5.0013828e-01  5.4565448e-01  6.1549115e-01
  7.2448647e-01  9.0509290e-01  1.0000000e+00  1.0000000e+00]","Observation from last step: 
Hull angle: -0.87
Angular velocity: -0.07
X velocity: -0.03
Y velocity: -0.10
Back revolute joint angle: 1.10
Back revolute joint speed: -0.32
Back lower leg angle: -0.62
Back lower leg speed: 0.00
Back leg ground contact flag: 0.00
Front revolute joint angle: 1.13
Front revolute joint speed: 0.00
Front lower leg angle: 0.94
Front lower leg speed: 0.00
Front leg ground contact flag: 0.00
Lidar 1 (0.00 rad): 0.45
Lidar 2 (0.15 rad): 0.46
Lidar 3 (0.30 rad): 0.47
Lidar 4 (0.45 rad): 0.50
Lidar 5 (0.60 rad): 0.55
Lidar 6 (0.75 rad): 0.62
Lidar 7 (0.90 rad): 0.72
Lidar 8 (1.05 rad): 0.91
Lidar 9 (1.20 rad): 1.00
Lidar 10 (1.35 rad): 1.00",-0.19669638363520422,The reward from the last step was: -0.20,-5.8850613048872615,"
_
Observation from last step: 
Hull angle: -0.87
Angular velocity: -0.07
X velocity: -0.03
Y velocity: -0.10
Back revolute joint angle: 1.10
Back revolute joint speed: -0.32
Back lower leg angle: -0.62
Back lower leg speed: 0.00
Back leg ground contact flag: 0.00
Front revolute joint angle: 1.13
Front revolute joint speed: 0.00
Front lower leg angle: 0.94
Front lower leg speed: 0.00
Front leg ground contact flag: 0.00
Lidar 1 (0.00 rad): 0.45
Lidar 2 (0.15 rad): 0.46
Lidar 3 (0.30 rad): 0.47
Lidar 4 (0.45 rad): 0.50
Lidar 5 (0.60 rad): 0.55
Lidar 6 (0.75 rad): 0.62
Lidar 7 (0.90 rad): 0.72
Lidar 8 (1.05 rad): 0.91
Lidar 9 (1.20 rad): 1.00
Lidar 10 (1.35 rad): 1.00
rewards: The reward from the last step was: -0.20
score: Score: -5.8850613048872615


Actions 
","['1. Move Back revolute joint 0.4, Back lower leg -0.6, Front revolute joint 0.5, Front lower leg 0.3  ', '2. Move Back revolute joint 0.3, Back lower leg -0.5, Front revolute joint 0.4, Front lower leg 0.4  ', '3. Move Back revolute joint 0.2, Back lower leg -0.4, Front revolute joint 0.2, Front lower leg 0.5  ', '4. Move Back revolute joint 0.1, Back lower leg -0.3, Front revolute joint 0.0, Front lower leg 0.6  ', '5. Move Back revolute joint 0.0, Back lower leg -0.2, Front revolute joint -0.1, Front lower leg 0.7  ']","[[0.4, -0.6, 0.5, 0.3], [0.3, -0.5, 0.4, 0.4], [0.2, -0.4, 0.2, 0.5], [0.1, -0.3, 0.0, 0.6], [0.0, -0.2, -0.1, 0.7]]"
4,"[-8.7904018e-01  9.5254984e-03 -6.0220443e-02 -4.4097798e-03
  1.0468889e+00 -6.4282328e-02 -6.3398159e-01  0.0000000e+00
  0.0000000e+00  1.1354593e+00 -8.0591701e-03  9.3610948e-01
  3.9021423e-04  1.0000000e+00  4.4772339e-01  4.5280796e-01
  4.6865517e-01  4.9722347e-01  5.4247439e-01  6.1190408e-01
  7.2026420e-01  8.9981800e-01  1.0000000e+00  1.0000000e+00]","Observation from last step: 
Hull angle: -0.88
Angular velocity: 0.01
X velocity: -0.06
Y velocity: -0.00
Back revolute joint angle: 1.05
Back revolute joint speed: -0.06
Back lower leg angle: -0.63
Back lower leg speed: 0.00
Back leg ground contact flag: 0.00
Front revolute joint angle: 1.14
Front revolute joint speed: -0.01
Front lower leg angle: 0.94
Front lower leg speed: 0.00
Front leg ground contact flag: 1.00
Lidar 1 (0.00 rad): 0.45
Lidar 2 (0.15 rad): 0.45
Lidar 3 (0.30 rad): 0.47
Lidar 4 (0.45 rad): 0.50
Lidar 5 (0.60 rad): 0.54
Lidar 6 (0.75 rad): 0.61
Lidar 7 (0.90 rad): 0.72
Lidar 8 (1.05 rad): 0.90
Lidar 9 (1.20 rad): 1.00
Lidar 10 (1.35 rad): 1.00",-0.0392764835357666,The reward from the last step was: -0.04,-6.311228061135735,"
_
Observation from last step: 
Hull angle: -0.88
Angular velocity: 0.01
X velocity: -0.06
Y velocity: -0.00
Back revolute joint angle: 1.05
Back revolute joint speed: -0.06
Back lower leg angle: -0.63
Back lower leg speed: 0.00
Back leg ground contact flag: 0.00
Front revolute joint angle: 1.14
Front revolute joint speed: -0.01
Front lower leg angle: 0.94
Front lower leg speed: 0.00
Front leg ground contact flag: 1.00
Lidar 1 (0.00 rad): 0.45
Lidar 2 (0.15 rad): 0.45
Lidar 3 (0.30 rad): 0.47
Lidar 4 (0.45 rad): 0.50
Lidar 5 (0.60 rad): 0.54
Lidar 6 (0.75 rad): 0.61
Lidar 7 (0.90 rad): 0.72
Lidar 8 (1.05 rad): 0.90
Lidar 9 (1.20 rad): 1.00
Lidar 10 (1.35 rad): 1.00
rewards: The reward from the last step was: -0.04
score: Score: -6.311228061135735


Actions 
","['1. Move Back revolute joint 0.4, Back lower leg -0.6, Front revolute joint 0.5, Front lower leg 0.3  ', '2. Move Back revolute joint 0.3, Back lower leg -0.5, Front revolute joint 0.4, Front lower leg 0.4  ', '3. Move Back revolute joint 0.2, Back lower leg -0.4, Front revolute joint 0.2, Front lower leg 0.5  ', '4. Move Back revolute joint 0.1, Back lower leg -0.3, Front revolute joint 0.0, Front lower leg 0.6  ', '5. Move Back revolute joint 0.0, Back lower leg -0.2, Front revolute joint -0.1, Front lower leg 0.7  ']","[[0.4, -0.6, 0.5, 0.3], [0.3, -0.5, 0.4, 0.4], [0.2, -0.4, 0.2, 0.5], [0.1, -0.3, 0.0, 0.6], [0.0, -0.2, -0.1, 0.7]]"
5,"[-8.4335202e-01  1.5024736e-02 -7.9148233e-02 -6.4602876e-03
  1.1058172e+00 -7.3388219e-06 -6.2857985e-01  0.0000000e+00
  0.0000000e+00  1.1279769e+00 -2.7016893e-02  9.3490565e-01
  2.0702681e-05  1.0000000e+00  4.4692463e-01  4.5200014e-01
  4.6781906e-01  4.9633637e-01  5.4150659e-01  6.1081243e-01
  7.1897918e-01  8.9821267e-01  1.0000000e+00  1.0000000e+00]","Observation from last step: 
Hull angle: -0.84
Angular velocity: 0.02
X velocity: -0.08
Y velocity: -0.01
Back revolute joint angle: 1.11
Back revolute joint speed: -0.00
Back lower leg angle: -0.63
Back lower leg speed: 0.00
Back leg ground contact flag: 0.00
Front revolute joint angle: 1.13
Front revolute joint speed: -0.03
Front lower leg angle: 0.93
Front lower leg speed: 0.00
Front leg ground contact flag: 1.00
Lidar 1 (0.00 rad): 0.45
Lidar 2 (0.15 rad): 0.45
Lidar 3 (0.30 rad): 0.47
Lidar 4 (0.45 rad): 0.50
Lidar 5 (0.60 rad): 0.54
Lidar 6 (0.75 rad): 0.61
Lidar 7 (0.90 rad): 0.72
Lidar 8 (1.05 rad): 0.90
Lidar 9 (1.20 rad): 1.00
Lidar 10 (1.35 rad): 1.00",-0.04726290988922119,The reward from the last step was: -0.05,-6.585709778181836,"
_
Observation from last step: 
Hull angle: -0.84
Angular velocity: 0.02
X velocity: -0.08
Y velocity: -0.01
Back revolute joint angle: 1.11
Back revolute joint speed: -0.00
Back lower leg angle: -0.63
Back lower leg speed: 0.00
Back leg ground contact flag: 0.00
Front revolute joint angle: 1.13
Front revolute joint speed: -0.03
Front lower leg angle: 0.93
Front lower leg speed: 0.00
Front leg ground contact flag: 1.00
Lidar 1 (0.00 rad): 0.45
Lidar 2 (0.15 rad): 0.45
Lidar 3 (0.30 rad): 0.47
Lidar 4 (0.45 rad): 0.50
Lidar 5 (0.60 rad): 0.54
Lidar 6 (0.75 rad): 0.61
Lidar 7 (0.90 rad): 0.72
Lidar 8 (1.05 rad): 0.90
Lidar 9 (1.20 rad): 1.00
Lidar 10 (1.35 rad): 1.00
rewards: The reward from the last step was: -0.05
score: Score: -6.585709778181836


Actions 
","['1. Move Back revolute joint 0.4, Back lower leg -0.6, Front revolute joint 0.5, Front lower leg 0.3  ', '2. Move Back revolute joint 0.3, Back lower leg -0.5, Front revolute joint 0.4, Front lower leg 0.4  ', '3. Move Back revolute joint 0.2, Back lower leg -0.4, Front revolute joint 0.2, Front lower leg 0.5  ', '4. Move Back revolute joint 0.1, Back lower leg -0.3, Front revolute joint 0.0, Front lower leg 0.6  ', '5. Move Back revolute joint 0.0, Back lower leg -0.2, Front revolute joint -0.1, Front lower leg 0.7  ']","[[0.4, -0.6, 0.5, 0.3], [0.3, -0.5, 0.4, 0.4], [0.2, -0.4, 0.2, 0.5], [0.1, -0.3, 0.0, 0.6], [0.0, -0.2, -0.1, 0.7]]"
6,"[-8.11039448e-01  1.41948275e-02 -1.01218089e-01 -1.27580892e-02
  1.10574853e+00 -7.59959221e-07 -6.28371835e-01  0.00000000e+00
  0.00000000e+00  1.12797046e+00  2.98023224e-08  9.34906244e-01
  2.68717599e-06  1.00000000e+00  4.44480956e-01  4.49528694e-01
  4.65261161e-01  4.93622541e-01  5.38545787e-01  6.07472658e-01
  7.15048015e-01  8.93301487e-01  1.00000000e+00  1.00000000e+00]","Observation from last step: 
Hull angle: -0.81
Angular velocity: 0.01
X velocity: -0.10
Y velocity: -0.01
Back revolute joint angle: 1.11
Back revolute joint speed: -0.00
Back lower leg angle: -0.63
Back lower leg speed: 0.00
Back leg ground contact flag: 0.00
Front revolute joint angle: 1.13
Front revolute joint speed: 0.00
Front lower leg angle: 0.93
Front lower leg speed: 0.00
Front leg ground contact flag: 1.00
Lidar 1 (0.00 rad): 0.44
Lidar 2 (0.15 rad): 0.45
Lidar 3 (0.30 rad): 0.47
Lidar 4 (0.45 rad): 0.49
Lidar 5 (0.60 rad): 0.54
Lidar 6 (0.75 rad): 0.61
Lidar 7 (0.90 rad): 0.72
Lidar 8 (1.05 rad): 0.89
Lidar 9 (1.20 rad): 1.00
Lidar 10 (1.35 rad): 1.00",-0.06526963202158728,The reward from the last step was: -0.07,-6.943876873461529,"
_
Observation from last step: 
Hull angle: -0.81
Angular velocity: 0.01
X velocity: -0.10
Y velocity: -0.01
Back revolute joint angle: 1.11
Back revolute joint speed: -0.00
Back lower leg angle: -0.63
Back lower leg speed: 0.00
Back leg ground contact flag: 0.00
Front revolute joint angle: 1.13
Front revolute joint speed: 0.00
Front lower leg angle: 0.93
Front lower leg speed: 0.00
Front leg ground contact flag: 1.00
Lidar 1 (0.00 rad): 0.44
Lidar 2 (0.15 rad): 0.45
Lidar 3 (0.30 rad): 0.47
Lidar 4 (0.45 rad): 0.49
Lidar 5 (0.60 rad): 0.54
Lidar 6 (0.75 rad): 0.61
Lidar 7 (0.90 rad): 0.72
Lidar 8 (1.05 rad): 0.89
Lidar 9 (1.20 rad): 1.00
Lidar 10 (1.35 rad): 1.00
rewards: The reward from the last step was: -0.07
score: Score: -6.943876873461529


Actions 
","['1. Move Back revolute joint 0.4, Back lower leg -0.6, Front revolute joint 0.5, Front lower leg 0.3  ', '2. Move Back revolute joint 0.3, Back lower leg -0.5, Front revolute joint 0.4, Front lower leg 0.4  ', '3. Move Back revolute joint 0.2, Back lower leg -0.4, Front revolute joint 0.2, Front lower leg 0.5  ', '4. Move Back revolute joint 0.1, Back lower leg -0.3, Front revolute joint 0.0, Front lower leg 0.6  ', '5. Move Back revolute joint 0.0, Back lower leg -0.2, Front revolute joint -0.1, Front lower leg 0.7  ']","[[0.4, -0.6, 0.5, 0.3], [0.3, -0.5, 0.4, 0.4], [0.2, -0.4, 0.2, 0.5], [0.1, -0.3, 0.0, 0.6], [0.0, -0.2, -0.1, 0.7]]"
7,"[-7.7023387e-01  1.7814118e-02 -1.2601124e-01 -1.9288758e-02
  1.1056409e+00 -2.0042062e-06 -6.2804174e-01  0.0000000e+00
  0.0000000e+00  1.1279322e+00  8.1956387e-08  9.3490672e-01
  1.0619561e-05  1.0000000e+00  4.4075501e-01  4.4576046e-01
  4.6136102e-01  4.8948467e-01  5.3403127e-01  6.0238039e-01
  7.0905399e-01  8.8581324e-01  1.0000000e+00  1.0000000e+00]","Observation from last step: 
Hull angle: -0.77
Angular velocity: 0.02
X velocity: -0.13
Y velocity: -0.02
Back revolute joint angle: 1.11
Back revolute joint speed: -0.00
Back lower leg angle: -0.63
Back lower leg speed: 0.00
Back leg ground contact flag: 0.00
Front revolute joint angle: 1.13
Front revolute joint speed: 0.00
Front lower leg angle: 0.93
Front lower leg speed: 0.00
Front leg ground contact flag: 1.00
Lidar 1 (0.00 rad): 0.44
Lidar 2 (0.15 rad): 0.45
Lidar 3 (0.30 rad): 0.46
Lidar 4 (0.45 rad): 0.49
Lidar 5 (0.60 rad): 0.53
Lidar 6 (0.75 rad): 0.60
Lidar 7 (0.90 rad): 0.71
Lidar 8 (1.05 rad): 0.89
Lidar 9 (1.20 rad): 1.00
Lidar 10 (1.35 rad): 1.00",-0.07406052239736158,The reward from the last step was: -0.07,-7.343792830213036,"
_
Observation from last step: 
Hull angle: -0.77
Angular velocity: 0.02
X velocity: -0.13
Y velocity: -0.02
Back revolute joint angle: 1.11
Back revolute joint speed: -0.00
Back lower leg angle: -0.63
Back lower leg speed: 0.00
Back leg ground contact flag: 0.00
Front revolute joint angle: 1.13
Front revolute joint speed: 0.00
Front lower leg angle: 0.93
Front lower leg speed: 0.00
Front leg ground contact flag: 1.00
Lidar 1 (0.00 rad): 0.44
Lidar 2 (0.15 rad): 0.45
Lidar 3 (0.30 rad): 0.46
Lidar 4 (0.45 rad): 0.49
Lidar 5 (0.60 rad): 0.53
Lidar 6 (0.75 rad): 0.60
Lidar 7 (0.90 rad): 0.71
Lidar 8 (1.05 rad): 0.89
Lidar 9 (1.20 rad): 1.00
Lidar 10 (1.35 rad): 1.00
rewards: The reward from the last step was: -0.07
score: Score: -7.343792830213036


Actions 
","['1. Move Back revolute joint 0.4, Back lower leg -0.6, Front revolute joint 0.5, Front lower leg 0.3  ', '2. Move Back revolute joint 0.3, Back lower leg -0.5, Front revolute joint 0.4, Front lower leg 0.4  ', '3. Move Back revolute joint 0.2, Back lower leg -0.4, Front revolute joint 0.2, Front lower leg 0.5  ', '4. Move Back revolute joint 0.1, Back lower leg -0.3, Front revolute joint 0.0, Front lower leg 0.6  ', '5. Move Back revolute joint 0.0, Back lower leg -0.2, Front revolute joint -0.1, Front lower leg 0.7  ']","[[0.4, -0.6, 0.5, 0.3], [0.3, -0.5, 0.4, 0.4], [0.2, -0.4, 0.2, 0.5], [0.1, -0.3, 0.0, 0.6], [0.0, -0.2, -0.1, 0.7]]"
8,"[-7.1936083e-01  2.2125985e-02 -1.5459725e-01 -2.8987231e-02
  1.1054724e+00 -2.8014183e-06 -6.2752378e-01  0.0000000e+00
  0.0000000e+00  1.1278696e+00  1.1920929e-07  9.3490696e-01
  1.3748805e-05  1.0000000e+00  4.3511218e-01  4.4005352e-01
  4.5545438e-01  4.8321795e-01  5.2719426e-01  5.9466833e-01
  6.9997621e-01  8.7447250e-01  1.0000000e+00  1.0000000e+00]","Observation from last step: 
Hull angle: -0.72
Angular velocity: 0.02
X velocity: -0.15
Y velocity: -0.03
Back revolute joint angle: 1.11
Back revolute joint speed: -0.00
Back lower leg angle: -0.63
Back lower leg speed: 0.00
Back leg ground contact flag: 0.00
Front revolute joint angle: 1.13
Front revolute joint speed: 0.00
Front lower leg angle: 0.93
Front lower leg speed: 0.00
Front leg ground contact flag: 1.00
Lidar 1 (0.00 rad): 0.44
Lidar 2 (0.15 rad): 0.44
Lidar 3 (0.30 rad): 0.46
Lidar 4 (0.45 rad): 0.48
Lidar 5 (0.60 rad): 0.53
Lidar 6 (0.75 rad): 0.59
Lidar 7 (0.90 rad): 0.70
Lidar 8 (1.05 rad): 0.87
Lidar 9 (1.20 rad): 1.00
Lidar 10 (1.35 rad): 1.00",-0.08386594343185425,The reward from the last step was: -0.08,-7.7907393948238335,"
_
Observation from last step: 
Hull angle: -0.72
Angular velocity: 0.02
X velocity: -0.15
Y velocity: -0.03
Back revolute joint angle: 1.11
Back revolute joint speed: -0.00
Back lower leg angle: -0.63
Back lower leg speed: 0.00
Back leg ground contact flag: 0.00
Front revolute joint angle: 1.13
Front revolute joint speed: 0.00
Front lower leg angle: 0.93
Front lower leg speed: 0.00
Front leg ground contact flag: 1.00
Lidar 1 (0.00 rad): 0.44
Lidar 2 (0.15 rad): 0.44
Lidar 3 (0.30 rad): 0.46
Lidar 4 (0.45 rad): 0.48
Lidar 5 (0.60 rad): 0.53
Lidar 6 (0.75 rad): 0.59
Lidar 7 (0.90 rad): 0.70
Lidar 8 (1.05 rad): 0.87
Lidar 9 (1.20 rad): 1.00
Lidar 10 (1.35 rad): 1.00
rewards: The reward from the last step was: -0.08
score: Score: -7.7907393948238335


Actions 
","['1. Move Back revolute joint 0.4, Back lower leg -0.6, Front revolute joint 0.5, Front lower leg 0.3  ', '2. Move Back revolute joint 0.3, Back lower leg -0.5, Front revolute joint 0.4, Front lower leg 0.4  ', '3. Move Back revolute joint 0.2, Back lower leg -0.4, Front revolute joint 0.2, Front lower leg 0.5  ', '4. Move Back revolute joint 0.1, Back lower leg -0.3, Front revolute joint 0.0, Front lower leg 0.6  ', '5. Move Back revolute joint 0.0, Back lower leg -0.2, Front revolute joint -0.1, Front lower leg 0.7  ']","[[0.4, -0.6, 0.5, 0.3], [0.3, -0.5, 0.4, 0.4], [0.2, -0.4, 0.2, 0.5], [0.1, -0.3, 0.0, 0.6], [0.0, -0.2, -0.1, 0.7]]"
9,"[-6.5669620e-01  2.7183987e-02 -1.8716493e-01 -4.3333005e-02
  1.0885572e+00  8.4269047e-03 -6.2695217e-01  0.0000000e+00
  0.0000000e+00  1.1277882e+00  1.3411045e-07  9.3490756e-01
  8.0593425e-04  1.0000000e+00  4.2665562e-01  4.3150094e-01
  4.4660246e-01  4.7382644e-01  5.1694810e-01  5.8311075e-01
  6.8637192e-01  8.5747683e-01  1.0000000e+00  1.0000000e+00]","Observation from last step: 
Hull angle: -0.66
Angular velocity: 0.03
X velocity: -0.19
Y velocity: -0.04
Back revolute joint angle: 1.09
Back revolute joint speed: 0.01
Back lower leg angle: -0.63
Back lower leg speed: 0.00
Back leg ground contact flag: 0.00
Front revolute joint angle: 1.13
Front revolute joint speed: 0.00
Front lower leg angle: 0.93
Front lower leg speed: 0.00
Front leg ground contact flag: 1.00
Lidar 1 (0.00 rad): 0.43
Lidar 2 (0.15 rad): 0.43
Lidar 3 (0.30 rad): 0.45
Lidar 4 (0.45 rad): 0.47
Lidar 5 (0.60 rad): 0.52
Lidar 6 (0.75 rad): 0.58
Lidar 7 (0.90 rad): 0.69
Lidar 8 (1.05 rad): 0.86
Lidar 9 (1.20 rad): 1.00
Lidar 10 (1.35 rad): 1.00",-0.10306785478591918,The reward from the last step was: -0.10,-8.276914548619713,"
_
Observation from last step: 
Hull angle: -0.66
Angular velocity: 0.03
X velocity: -0.19
Y velocity: -0.04
Back revolute joint angle: 1.09
Back revolute joint speed: 0.01
Back lower leg angle: -0.63
Back lower leg speed: 0.00
Back leg ground contact flag: 0.00
Front revolute joint angle: 1.13
Front revolute joint speed: 0.00
Front lower leg angle: 0.93
Front lower leg speed: 0.00
Front leg ground contact flag: 1.00
Lidar 1 (0.00 rad): 0.43
Lidar 2 (0.15 rad): 0.43
Lidar 3 (0.30 rad): 0.45
Lidar 4 (0.45 rad): 0.47
Lidar 5 (0.60 rad): 0.52
Lidar 6 (0.75 rad): 0.58
Lidar 7 (0.90 rad): 0.69
Lidar 8 (1.05 rad): 0.86
Lidar 9 (1.20 rad): 1.00
Lidar 10 (1.35 rad): 1.00
rewards: The reward from the last step was: -0.10
score: Score: -8.276914548619713


Actions 
","['Move Back revolute joint 0.0, Back lower leg -0.2, Front revolute joint 0.1, Front lower leg 0.8  ', 'Move Back revolute joint -0.1, Back lower leg -0.3, Front revolute joint 0.2, Front lower leg 0.6  ', 'Move Back revolute joint 0.1, Back lower leg -0.4, Front revolute joint 0.0, Front lower leg 0.7  ', 'Move Back revolute joint -0.2, Back lower leg -0.5, Front revolute joint 0.3, Front lower leg 0.5  ', 'Move Back revolute joint 0.2, Back lower leg -0.1, Front revolute joint -0.1, Front lower leg 0.9  ']","[[0.0, -0.2, 0.1, 0.8], [-0.1, -0.3, 0.2, 0.6], [0.1, -0.4, 0.0, 0.7], [-0.2, -0.5, 0.3, 0.5], [0.2, -0.1, -0.1, 0.9]]"
10,"[-5.7966471e-01  3.3353340e-02 -2.2302012e-01 -6.4196996e-02
  1.0674472e+00  9.6479505e-03 -6.2614763e-01  0.0000000e+00
  0.0000000e+00  1.1276242e+00  1.6391277e-07  9.3490678e-01
  7.9284114e-04  1.0000000e+00  4.1404101e-01  4.1874307e-01
  4.3339810e-01  4.5981717e-01  5.0166386e-01  5.6587034e-01
  6.6607845e-01  8.3212441e-01  1.0000000e+00  1.0000000e+00]","Observation from last step: 
Hull angle: -0.58
Angular velocity: 0.03
X velocity: -0.22
Y velocity: -0.06
Back revolute joint angle: 1.07
Back revolute joint speed: 0.01
Back lower leg angle: -0.63
Back lower leg speed: 0.00
Back leg ground contact flag: 0.00
Front revolute joint angle: 1.13
Front revolute joint speed: 0.00
Front lower leg angle: 0.93
Front lower leg speed: 0.00
Front leg ground contact flag: 1.00
Lidar 1 (0.00 rad): 0.41
Lidar 2 (0.15 rad): 0.42
Lidar 3 (0.30 rad): 0.43
Lidar 4 (0.45 rad): 0.46
Lidar 5 (0.60 rad): 0.50
Lidar 6 (0.75 rad): 0.57
Lidar 7 (0.90 rad): 0.67
Lidar 8 (1.05 rad): 0.83
Lidar 9 (1.20 rad): 1.00
Lidar 10 (1.35 rad): 1.00",-0.11349217071533202,The reward from the last step was: -0.11,-8.815542981910827,"
_
Observation from last step: 
Hull angle: -0.58
Angular velocity: 0.03
X velocity: -0.22
Y velocity: -0.06
Back revolute joint angle: 1.07
Back revolute joint speed: 0.01
Back lower leg angle: -0.63
Back lower leg speed: 0.00
Back leg ground contact flag: 0.00
Front revolute joint angle: 1.13
Front revolute joint speed: 0.00
Front lower leg angle: 0.93
Front lower leg speed: 0.00
Front leg ground contact flag: 1.00
Lidar 1 (0.00 rad): 0.41
Lidar 2 (0.15 rad): 0.42
Lidar 3 (0.30 rad): 0.43
Lidar 4 (0.45 rad): 0.46
Lidar 5 (0.60 rad): 0.50
Lidar 6 (0.75 rad): 0.57
Lidar 7 (0.90 rad): 0.67
Lidar 8 (1.05 rad): 0.83
Lidar 9 (1.20 rad): 1.00
Lidar 10 (1.35 rad): 1.00
rewards: The reward from the last step was: -0.11
score: Score: -8.815542981910827


Actions 
","['Move Back revolute joint -0.1, Back lower leg -0.3, Front revolute joint 0.2, Front lower leg 0.6  ', 'Move Back revolute joint 0.0, Back lower leg -0.2, Front revolute joint 0.1, Front lower leg 0.8  ', 'Move Back revolute joint 0.1, Back lower leg -0.4, Front revolute joint 0.0, Front lower leg 0.7  ', 'Move Back revolute joint -0.2, Back lower leg -0.5, Front revolute joint 0.3, Front lower leg 0.5  ', 'Move Back revolute joint 0.2, Back lower leg -0.1, Front revolute joint -0.1, Front lower leg 0.9  ']","[[-0.1, -0.3, 0.2, 0.6], [0.0, -0.2, 0.1, 0.8], [0.1, -0.4, 0.0, 0.7], [-0.2, -0.5, 0.3, 0.5], [0.2, -0.1, -0.1, 0.9]]"
11,"[-4.8546055e-01  4.0696856e-02 -2.6035452e-01 -9.4224885e-02
  1.0436324e+00 -2.5752187e-03 -6.2493706e-01  0.0000000e+00
  0.0000000e+00  1.1273797e+00  2.0861626e-07  9.3490630e-01
  7.6717138e-04  1.0000000e+00  3.9537588e-01  3.9986596e-01
  4.1386035e-01  4.3908843e-01  4.7904867e-01  5.4036069e-01
  6.3605136e-01  7.9461193e-01  1.0000000e+00  1.0000000e+00]","Observation from last step: 
Hull angle: -0.49
Angular velocity: 0.04
X velocity: -0.26
Y velocity: -0.09
Back revolute joint angle: 1.04
Back revolute joint speed: -0.00
Back lower leg angle: -0.62
Back lower leg speed: 0.00
Back leg ground contact flag: 0.00
Front revolute joint angle: 1.13
Front revolute joint speed: 0.00
Front lower leg angle: 0.93
Front lower leg speed: 0.00
Front leg ground contact flag: 1.00
Lidar 1 (0.00 rad): 0.40
Lidar 2 (0.15 rad): 0.40
Lidar 3 (0.30 rad): 0.41
Lidar 4 (0.45 rad): 0.44
Lidar 5 (0.60 rad): 0.48
Lidar 6 (0.75 rad): 0.54
Lidar 7 (0.90 rad): 0.64
Lidar 8 (1.05 rad): 0.79
Lidar 9 (1.20 rad): 1.00
Lidar 10 (1.35 rad): 1.00",-0.12208264047304729,The reward from the last step was: -0.12,-9.40199837091776,"
_
Observation from last step: 
Hull angle: -0.49
Angular velocity: 0.04
X velocity: -0.26
Y velocity: -0.09
Back revolute joint angle: 1.04
Back revolute joint speed: -0.00
Back lower leg angle: -0.62
Back lower leg speed: 0.00
Back leg ground contact flag: 0.00
Front revolute joint angle: 1.13
Front revolute joint speed: 0.00
Front lower leg angle: 0.93
Front lower leg speed: 0.00
Front leg ground contact flag: 1.00
Lidar 1 (0.00 rad): 0.40
Lidar 2 (0.15 rad): 0.40
Lidar 3 (0.30 rad): 0.41
Lidar 4 (0.45 rad): 0.44
Lidar 5 (0.60 rad): 0.48
Lidar 6 (0.75 rad): 0.54
Lidar 7 (0.90 rad): 0.64
Lidar 8 (1.05 rad): 0.79
Lidar 9 (1.20 rad): 1.00
Lidar 10 (1.35 rad): 1.00
rewards: The reward from the last step was: -0.12
score: Score: -9.40199837091776


Actions 
","['Move Back revolute joint -0.1, Back lower leg -0.3, Front revolute joint 0.2, Front lower leg 0.6  ', 'Move Back revolute joint 0.0, Back lower leg -0.2, Front revolute joint 0.1, Front lower leg 0.8  ', 'Move Back revolute joint 0.1, Back lower leg -0.4, Front revolute joint 0.0, Front lower leg 0.7  ', 'Move Back revolute joint -0.2, Back lower leg -0.5, Front revolute joint 0.3, Front lower leg 0.5  ', 'Move Back revolute joint 0.2, Back lower leg -0.1, Front revolute joint -0.1, Front lower leg 0.9  ']","[[-0.1, -0.3, 0.2, 0.6], [0.0, -0.2, 0.1, 0.8], [0.1, -0.4, 0.0, 0.7], [-0.2, -0.5, 0.3, 0.5], [0.2, -0.1, -0.1, 0.9]]"
12,"[-3.7295684e-01  4.9463652e-02 -2.9608265e-01 -1.3603048e-01
  1.0124545e+00 -3.3487320e-02 -6.2331295e-01  0.0000000e+00
  0.0000000e+00  1.1270964e+00  1.0728836e-06  9.3490630e-01
  6.2551099e-04  1.0000000e+00  3.6771309e-01  3.7188902e-01
  3.8490427e-01  4.0836728e-01  4.4553161e-01  5.0255394e-01
  5.9154958e-01  7.3901629e-01  1.0000000e+00  1.0000000e+00]","Observation from last step: 
Hull angle: -0.37
Angular velocity: 0.05
X velocity: -0.30
Y velocity: -0.14
Back revolute joint angle: 1.01
Back revolute joint speed: -0.03
Back lower leg angle: -0.62
Back lower leg speed: 0.00
Back leg ground contact flag: 0.00
Front revolute joint angle: 1.13
Front revolute joint speed: 0.00
Front lower leg angle: 0.93
Front lower leg speed: 0.00
Front leg ground contact flag: 1.00
Lidar 1 (0.00 rad): 0.37
Lidar 2 (0.15 rad): 0.37
Lidar 3 (0.30 rad): 0.38
Lidar 4 (0.45 rad): 0.41
Lidar 5 (0.60 rad): 0.45
Lidar 6 (0.75 rad): 0.50
Lidar 7 (0.90 rad): 0.59
Lidar 8 (1.05 rad): 0.74
Lidar 9 (1.20 rad): 1.00
Lidar 10 (1.35 rad): 1.00",-0.12607583378156084,The reward from the last step was: -0.13,-10.02447633363418,"
_
Observation from last step: 
Hull angle: -0.37
Angular velocity: 0.05
X velocity: -0.30
Y velocity: -0.14
Back revolute joint angle: 1.01
Back revolute joint speed: -0.03
Back lower leg angle: -0.62
Back lower leg speed: 0.00
Back leg ground contact flag: 0.00
Front revolute joint angle: 1.13
Front revolute joint speed: 0.00
Front lower leg angle: 0.93
Front lower leg speed: 0.00
Front leg ground contact flag: 1.00
Lidar 1 (0.00 rad): 0.37
Lidar 2 (0.15 rad): 0.37
Lidar 3 (0.30 rad): 0.38
Lidar 4 (0.45 rad): 0.41
Lidar 5 (0.60 rad): 0.45
Lidar 6 (0.75 rad): 0.50
Lidar 7 (0.90 rad): 0.59
Lidar 8 (1.05 rad): 0.74
Lidar 9 (1.20 rad): 1.00
Lidar 10 (1.35 rad): 1.00
rewards: The reward from the last step was: -0.13
score: Score: -10.02447633363418


Actions 
","['Move Back revolute joint -0.1, Back lower leg -0.3, Front revolute joint 0.2, Front lower leg 0.6  ', 'Move Back revolute joint 0.0, Back lower leg -0.2, Front revolute joint 0.1, Front lower leg 0.8  ', 'Move Back revolute joint 0.1, Back lower leg -0.4, Front revolute joint 0.0, Front lower leg 0.7  ', 'Move Back revolute joint -0.2, Back lower leg -0.5, Front revolute joint 0.3, Front lower leg 0.5  ', 'Move Back revolute joint 0.2, Back lower leg -0.1, Front revolute joint -0.1, Front lower leg 0.9  ']","[[-0.1, -0.3, 0.2, 0.6], [0.0, -0.2, 0.1, 0.8], [0.1, -0.4, 0.0, 0.7], [-0.2, -0.5, 0.3, 0.5], [0.2, -0.1, -0.1, 0.9]]"
13,"[-2.5579545e-01  3.9024420e-02 -2.4082427e-01  3.2363553e-02
  9.9206835e-01  3.5165787e-02 -6.2572980e-01  2.1816313e-02
  1.0000000e+00  1.0677489e+00 -2.5149503e-01  9.3468362e-01
 -6.0347375e-04  0.0000000e+00  3.5698730e-01  3.6104143e-01
  3.7367705e-01  3.9645565e-01  4.3253592e-01  4.8789495e-01
  5.7429469e-01  7.1745998e-01  9.8517913e-01  1.0000000e+00]","Observation from last step: 
Hull angle: -0.26
Angular velocity: 0.04
X velocity: -0.24
Y velocity: 0.03
Back revolute joint angle: 0.99
Back revolute joint speed: 0.04
Back lower leg angle: -0.63
Back lower leg speed: 0.02
Back leg ground contact flag: 1.00
Front revolute joint angle: 1.07
Front revolute joint speed: -0.25
Front lower leg angle: 0.93
Front lower leg speed: -0.00
Front leg ground contact flag: 0.00
Lidar 1 (0.00 rad): 0.36
Lidar 2 (0.15 rad): 0.36
Lidar 3 (0.30 rad): 0.37
Lidar 4 (0.45 rad): 0.40
Lidar 5 (0.60 rad): 0.43
Lidar 6 (0.75 rad): 0.49
Lidar 7 (0.90 rad): 0.57
Lidar 8 (1.05 rad): 0.72
Lidar 9 (1.20 rad): 0.99
Lidar 10 (1.35 rad): 1.00",-0.11279445861180681,The reward from the last step was: -0.11,-10.585349538246911,"
_
Observation from last step: 
Hull angle: -0.26
Angular velocity: 0.04
X velocity: -0.24
Y velocity: 0.03
Back revolute joint angle: 0.99
Back revolute joint speed: 0.04
Back lower leg angle: -0.63
Back lower leg speed: 0.02
Back leg ground contact flag: 1.00
Front revolute joint angle: 1.07
Front revolute joint speed: -0.25
Front lower leg angle: 0.93
Front lower leg speed: -0.00
Front leg ground contact flag: 0.00
Lidar 1 (0.00 rad): 0.36
Lidar 2 (0.15 rad): 0.36
Lidar 3 (0.30 rad): 0.37
Lidar 4 (0.45 rad): 0.40
Lidar 5 (0.60 rad): 0.43
Lidar 6 (0.75 rad): 0.49
Lidar 7 (0.90 rad): 0.57
Lidar 8 (1.05 rad): 0.72
Lidar 9 (1.20 rad): 0.99
Lidar 10 (1.35 rad): 1.00
rewards: The reward from the last step was: -0.11
score: Score: -10.585349538246911


Actions 
","['Move Back revolute joint -0.1, Back lower leg -0.3, Front revolute joint 0.2, Front lower leg 0.6  ', 'Move Back revolute joint 0.0, Back lower leg -0.2, Front revolute joint 0.1, Front lower leg 0.8  ', 'Move Back revolute joint 0.1, Back lower leg -0.4, Front revolute joint 0.0, Front lower leg 0.7  ', 'Move Back revolute joint -0.2, Back lower leg -0.5, Front revolute joint 0.3, Front lower leg 0.5  ', 'Move Back revolute joint 0.2, Back lower leg -0.1, Front revolute joint -0.1, Front lower leg 0.9  ']","[[-0.1, -0.3, 0.2, 0.6], [0.0, -0.2, 0.1, 0.8], [0.1, -0.4, 0.0, 0.7], [-0.2, -0.5, 0.3, 0.5], [0.2, -0.1, -0.1, 0.9]]"
14,"[-1.8460831e-01  2.0991161e-02 -2.3955090e-01  2.0554019e-04
  1.0309652e+00  1.5131216e-01 -6.2439835e-01 -2.7984381e-04
  1.0000000e+00  1.0509453e+00  2.3865566e-02  9.3490273e-01
  7.3810420e-06  0.0000000e+00  3.5897267e-01  3.6304936e-01
  3.7575522e-01  3.9866051e-01  4.3494144e-01  4.9060836e-01
  5.7748860e-01  7.2145009e-01  9.9065816e-01  1.0000000e+00]","Observation from last step: 
Hull angle: -0.18
Angular velocity: 0.02
X velocity: -0.24
Y velocity: 0.00
Back revolute joint angle: 1.03
Back revolute joint speed: 0.15
Back lower leg angle: -0.62
Back lower leg speed: -0.00
Back leg ground contact flag: 1.00
Front revolute joint angle: 1.05
Front revolute joint speed: 0.02
Front lower leg angle: 0.93
Front lower leg speed: 0.00
Front leg ground contact flag: 0.00
Lidar 1 (0.00 rad): 0.36
Lidar 2 (0.15 rad): 0.36
Lidar 3 (0.30 rad): 0.38
Lidar 4 (0.45 rad): 0.40
Lidar 5 (0.60 rad): 0.43
Lidar 6 (0.75 rad): 0.49
Lidar 7 (0.90 rad): 0.58
Lidar 8 (1.05 rad): 0.72
Lidar 9 (1.20 rad): 0.99
Lidar 10 (1.35 rad): 1.00",-0.1568930245876312,The reward from the last step was: -0.16,-11.272410464747866,"
_
Observation from last step: 
Hull angle: -0.18
Angular velocity: 0.02
X velocity: -0.24
Y velocity: 0.00
Back revolute joint angle: 1.03
Back revolute joint speed: 0.15
Back lower leg angle: -0.62
Back lower leg speed: -0.00
Back leg ground contact flag: 1.00
Front revolute joint angle: 1.05
Front revolute joint speed: 0.02
Front lower leg angle: 0.93
Front lower leg speed: 0.00
Front leg ground contact flag: 0.00
Lidar 1 (0.00 rad): 0.36
Lidar 2 (0.15 rad): 0.36
Lidar 3 (0.30 rad): 0.38
Lidar 4 (0.45 rad): 0.40
Lidar 5 (0.60 rad): 0.43
Lidar 6 (0.75 rad): 0.49
Lidar 7 (0.90 rad): 0.58
Lidar 8 (1.05 rad): 0.72
Lidar 9 (1.20 rad): 0.99
Lidar 10 (1.35 rad): 1.00
rewards: The reward from the last step was: -0.16
score: Score: -11.272410464747866


Actions 
","['Move Back revolute joint -0.1, Back lower leg -0.3, Front revolute joint 0.2, Front lower leg 0.6  ', 'Move Back revolute joint 0.0, Back lower leg -0.2, Front revolute joint 0.1, Front lower leg 0.8  ', 'Move Back revolute joint 0.1, Back lower leg -0.4, Front revolute joint 0.0, Front lower leg 0.7  ', 'Move Back revolute joint -0.2, Back lower leg -0.5, Front revolute joint 0.3, Front lower leg 0.5  ', 'Move Back revolute joint 0.2, Back lower leg -0.1, Front revolute joint -0.1, Front lower leg 0.9  ']","[[-0.1, -0.3, 0.2, 0.6], [0.0, -0.2, 0.1, 0.8], [0.1, -0.4, 0.0, 0.7], [-0.2, -0.5, 0.3, 0.5], [0.2, -0.1, -0.1, 0.9]]"
15,"[-1.4178684e-01  3.9248776e-02 -2.2907877e-01 -1.1813544e-02
  1.1016227e+00  7.8601688e-03 -6.2126660e-01  4.8523545e-03
  1.0000000e+00  1.1151196e+00 -8.2090497e-05  9.3490613e-01
 -4.7578415e-04  0.0000000e+00  3.5682386e-01  3.6087614e-01
  3.7350595e-01  3.9627412e-01  4.3233788e-01  4.8767158e-01
  5.7403177e-01  7.1713150e-01  9.8472810e-01  1.0000000e+00]","Observation from last step: 
Hull angle: -0.14
Angular velocity: 0.04
X velocity: -0.23
Y velocity: -0.01
Back revolute joint angle: 1.10
Back revolute joint speed: 0.01
Back lower leg angle: -0.62
Back lower leg speed: 0.00
Back leg ground contact flag: 1.00
Front revolute joint angle: 1.12
Front revolute joint speed: -0.00
Front lower leg angle: 0.93
Front lower leg speed: -0.00
Front leg ground contact flag: 0.00
Lidar 1 (0.00 rad): 0.36
Lidar 2 (0.15 rad): 0.36
Lidar 3 (0.30 rad): 0.37
Lidar 4 (0.45 rad): 0.40
Lidar 5 (0.60 rad): 0.43
Lidar 6 (0.75 rad): 0.49
Lidar 7 (0.90 rad): 0.57
Lidar 8 (1.05 rad): 0.72
Lidar 9 (1.20 rad): 0.98
Lidar 10 (1.35 rad): 1.00",-0.10364964082241057,The reward from the last step was: -0.10,-12.09638816774698,"
_
Observation from last step: 
Hull angle: -0.14
Angular velocity: 0.04
X velocity: -0.23
Y velocity: -0.01
Back revolute joint angle: 1.10
Back revolute joint speed: 0.01
Back lower leg angle: -0.62
Back lower leg speed: 0.00
Back leg ground contact flag: 1.00
Front revolute joint angle: 1.12
Front revolute joint speed: -0.00
Front lower leg angle: 0.93
Front lower leg speed: -0.00
Front leg ground contact flag: 0.00
Lidar 1 (0.00 rad): 0.36
Lidar 2 (0.15 rad): 0.36
Lidar 3 (0.30 rad): 0.37
Lidar 4 (0.45 rad): 0.40
Lidar 5 (0.60 rad): 0.43
Lidar 6 (0.75 rad): 0.49
Lidar 7 (0.90 rad): 0.57
Lidar 8 (1.05 rad): 0.72
Lidar 9 (1.20 rad): 0.98
Lidar 10 (1.35 rad): 1.00
rewards: The reward from the last step was: -0.10
score: Score: -12.09638816774698


Actions 
","['Move Back revolute joint -0.1, Back lower leg -0.3, Front revolute joint 0.2, Front lower leg 0.6  ', 'Move Back revolute joint 0.0, Back lower leg -0.2, Front revolute joint 0.1, Front lower leg 0.8  ', 'Move Back revolute joint 0.1, Back lower leg -0.4, Front revolute joint 0.0, Front lower leg 0.7  ', 'Move Back revolute joint -0.2, Back lower leg -0.5, Front revolute joint 0.3, Front lower leg 0.5  ', 'Move Back revolute joint 0.2, Back lower leg -0.1, Front revolute joint -0.1, Front lower leg 0.9  ']","[[-0.1, -0.3, 0.2, 0.6], [0.0, -0.2, 0.1, 0.8], [0.1, -0.4, 0.0, 0.7], [-0.2, -0.5, 0.3, 0.5], [0.2, -0.1, -0.1, 0.9]]"
16,"[-3.9136894e-02  3.8798243e-02 -2.3768380e-01 -3.2473590e-02
  1.1019081e+00  2.6099846e-02 -6.2027860e-01 -9.0161961e-04
  1.0000000e+00  1.1100149e+00 -3.5977691e-02  9.3490708e-01
  2.3434559e-05  0.0000000e+00  3.5132185e-01  3.5531163e-01
  3.6774671e-01  3.9016381e-01  4.2567149e-01  4.8015198e-01
  5.6518054e-01  7.0607376e-01  9.6954417e-01  1.0000000e+00]","Observation from last step: 
Hull angle: -0.04
Angular velocity: 0.04
X velocity: -0.24
Y velocity: -0.03
Back revolute joint angle: 1.10
Back revolute joint speed: 0.03
Back lower leg angle: -0.62
Back lower leg speed: -0.00
Back leg ground contact flag: 1.00
Front revolute joint angle: 1.11
Front revolute joint speed: -0.04
Front lower leg angle: 0.93
Front lower leg speed: 0.00
Front leg ground contact flag: 0.00
Lidar 1 (0.00 rad): 0.35
Lidar 2 (0.15 rad): 0.36
Lidar 3 (0.30 rad): 0.37
Lidar 4 (0.45 rad): 0.39
Lidar 5 (0.60 rad): 0.43
Lidar 6 (0.75 rad): 0.48
Lidar 7 (0.90 rad): 0.57
Lidar 8 (1.05 rad): 0.71
Lidar 9 (1.20 rad): 0.97
Lidar 10 (1.35 rad): 1.00",-0.1112959332704544,The reward from the last step was: -0.11,-12.59960485324474,"
_
Observation from last step: 
Hull angle: -0.04
Angular velocity: 0.04
X velocity: -0.24
Y velocity: -0.03
Back revolute joint angle: 1.10
Back revolute joint speed: 0.03
Back lower leg angle: -0.62
Back lower leg speed: -0.00
Back leg ground contact flag: 1.00
Front revolute joint angle: 1.11
Front revolute joint speed: -0.04
Front lower leg angle: 0.93
Front lower leg speed: 0.00
Front leg ground contact flag: 0.00
Lidar 1 (0.00 rad): 0.35
Lidar 2 (0.15 rad): 0.36
Lidar 3 (0.30 rad): 0.37
Lidar 4 (0.45 rad): 0.39
Lidar 5 (0.60 rad): 0.43
Lidar 6 (0.75 rad): 0.48
Lidar 7 (0.90 rad): 0.57
Lidar 8 (1.05 rad): 0.71
Lidar 9 (1.20 rad): 0.97
Lidar 10 (1.35 rad): 1.00
rewards: The reward from the last step was: -0.11
score: Score: -12.59960485324474


Actions 
","['Move Back revolute joint -0.1, Back lower leg -0.3, Front revolute joint 0.2, Front lower leg 0.6  ', 'Move Back revolute joint 0.0, Back lower leg -0.2, Front revolute joint 0.1, Front lower leg 0.8  ', 'Move Back revolute joint 0.1, Back lower leg -0.4, Front revolute joint 0.0, Front lower leg 0.7  ', 'Move Back revolute joint -0.2, Back lower leg -0.5, Front revolute joint 0.3, Front lower leg 0.5  ', 'Move Back revolute joint 0.2, Back lower leg -0.1, Front revolute joint -0.1, Front lower leg 0.9']","[[-0.1, -0.3, 0.2, 0.6], [0.0, -0.2, 0.1, 0.8], [0.1, -0.4, 0.0, 0.7], [-0.2, -0.5, 0.3, 0.5], [0.2, -0.1, -0.1, 0.9]]"
17,"[ 7.2245672e-02  4.6243742e-02 -2.5127703e-01 -5.3297009e-02
  1.1003678e+00 -1.2945533e-03 -6.1779785e-01 -8.5266429e-04
  1.0000000e+00  1.1022153e+00 -6.6336527e-02  9.3490684e-01
  1.5725693e-05  0.0000000e+00  3.4148753e-01  3.4536564e-01
  3.5745263e-01  3.7924221e-01  4.1375595e-01  4.6671140e-01
  5.4935980e-01  6.8630910e-01  9.4240439e-01  1.0000000e+00]","Observation from last step: 
Hull angle: 0.07
Angular velocity: 0.05
X velocity: -0.25
Y velocity: -0.05
Back revolute joint angle: 1.10
Back revolute joint speed: -0.00
Back lower leg angle: -0.62
Back lower leg speed: -0.00
Back leg ground contact flag: 1.00
Front revolute joint angle: 1.10
Front revolute joint speed: -0.07
Front lower leg angle: 0.93
Front lower leg speed: 0.00
Front leg ground contact flag: 0.00
Lidar 1 (0.00 rad): 0.34
Lidar 2 (0.15 rad): 0.35
Lidar 3 (0.30 rad): 0.36
Lidar 4 (0.45 rad): 0.38
Lidar 5 (0.60 rad): 0.41
Lidar 6 (0.75 rad): 0.47
Lidar 7 (0.90 rad): 0.55
Lidar 8 (1.05 rad): 0.69
Lidar 9 (1.20 rad): 0.94
Lidar 10 (1.35 rad): 1.00",-0.3341473251521588,The reward from the last step was: -0.33,-13.826506455636142,"
_
Observation from last step: 
Hull angle: 0.07
Angular velocity: 0.05
X velocity: -0.25
Y velocity: -0.05
Back revolute joint angle: 1.10
Back revolute joint speed: -0.00
Back lower leg angle: -0.62
Back lower leg speed: -0.00
Back leg ground contact flag: 1.00
Front revolute joint angle: 1.10
Front revolute joint speed: -0.07
Front lower leg angle: 0.93
Front lower leg speed: 0.00
Front leg ground contact flag: 0.00
Lidar 1 (0.00 rad): 0.34
Lidar 2 (0.15 rad): 0.35
Lidar 3 (0.30 rad): 0.36
Lidar 4 (0.45 rad): 0.38
Lidar 5 (0.60 rad): 0.41
Lidar 6 (0.75 rad): 0.47
Lidar 7 (0.90 rad): 0.55
Lidar 8 (1.05 rad): 0.69
Lidar 9 (1.20 rad): 0.94
Lidar 10 (1.35 rad): 1.00
rewards: The reward from the last step was: -0.33
score: Score: -13.826506455636142


Actions 
","['Move Back revolute joint -0.1, Back lower leg -0.3, Front revolute joint 0.2, Front lower leg 0.6  ', 'Move Back revolute joint 0.0, Back lower leg -0.2, Front revolute joint 0.1, Front lower leg 0.8  ', 'Move Back revolute joint 0.1, Back lower leg -0.4, Front revolute joint 0.0, Front lower leg 0.7  ', 'Move Back revolute joint -0.2, Back lower leg -0.5, Front revolute joint 0.3, Front lower leg 0.5  ', 'Move Back revolute joint 0.2, Back lower leg -0.1, Front revolute joint -0.1, Front lower leg 0.9  ']","[[-0.1, -0.3, 0.2, 0.6], [0.0, -0.2, 0.1, 0.8], [0.1, -0.4, 0.0, 0.7], [-0.2, -0.5, 0.3, 0.5], [0.2, -0.1, -0.1, 0.9]]"
18,"[ 1.8858075e-01  4.9422897e-02 -2.6155400e-01 -1.0192493e-01
  1.1349080e+00  2.9802322e-08 -6.1083651e-01  0.0000000e+00
  0.0000000e+00  1.1013050e+00  0.0000000e+00  9.3490744e-01
 -3.9736431e-08  0.0000000e+00  3.2398415e-01  3.2766348e-01
  3.3913094e-01  3.5980368e-01  3.9254835e-01  4.4278952e-01
  5.2120167e-01  6.5113145e-01  8.9410025e-01  1.0000000e+00]","Observation from last step: 
Hull angle: 0.19
Angular velocity: 0.05
X velocity: -0.26
Y velocity: -0.10
Back revolute joint angle: 1.13
Back revolute joint speed: 0.00
Back lower leg angle: -0.61
Back lower leg speed: 0.00
Back leg ground contact flag: 0.00
Front revolute joint angle: 1.10
Front revolute joint speed: 0.00
Front lower leg angle: 0.93
Front lower leg speed: -0.00
Front leg ground contact flag: 0.00
Lidar 1 (0.00 rad): 0.32
Lidar 2 (0.15 rad): 0.33
Lidar 3 (0.30 rad): 0.34
Lidar 4 (0.45 rad): 0.36
Lidar 5 (0.60 rad): 0.39
Lidar 6 (0.75 rad): 0.44
Lidar 7 (0.90 rad): 0.52
Lidar 8 (1.05 rad): 0.65
Lidar 9 (1.20 rad): 0.89
Lidar 10 (1.35 rad): 1.00",-0.371244485934576,The reward from the last step was: -0.37,-15.576139326540746,"
_
Observation from last step: 
Hull angle: 0.19
Angular velocity: 0.05
X velocity: -0.26
Y velocity: -0.10
Back revolute joint angle: 1.13
Back revolute joint speed: 0.00
Back lower leg angle: -0.61
Back lower leg speed: 0.00
Back leg ground contact flag: 0.00
Front revolute joint angle: 1.10
Front revolute joint speed: 0.00
Front lower leg angle: 0.93
Front lower leg speed: -0.00
Front leg ground contact flag: 0.00
Lidar 1 (0.00 rad): 0.32
Lidar 2 (0.15 rad): 0.33
Lidar 3 (0.30 rad): 0.34
Lidar 4 (0.45 rad): 0.36
Lidar 5 (0.60 rad): 0.39
Lidar 6 (0.75 rad): 0.44
Lidar 7 (0.90 rad): 0.52
Lidar 8 (1.05 rad): 0.65
Lidar 9 (1.20 rad): 0.89
Lidar 10 (1.35 rad): 1.00
rewards: The reward from the last step was: -0.37
score: Score: -15.576139326540746


Actions 
","['Move Back revolute joint 0.3, Back lower leg -0.1, Front revolute joint 0.4, Front lower leg 0.8  ', 'Move Back revolute joint 0.2, Back lower leg -0.2, Front revolute joint 0.5, Front lower leg 0.7  ', 'Move Back revolute joint 0.4, Back lower leg 0.0, Front revolute joint 0.3, Front lower leg 0.6  ', 'Move Back revolute joint 0.5, Back lower leg -0.3, Front revolute joint 0.1, Front lower leg 0.5  ', 'Move Back revolute joint 0.1, Back lower leg -0.4, Front revolute joint 0.6, Front lower leg 0.9  ']","[[0.3, -0.1, 0.4, 0.8], [0.2, -0.2, 0.5, 0.7], [0.4, 0.0, 0.3, 0.6], [0.5, -0.3, 0.1, 0.5], [0.1, -0.4, 0.6, 0.9]]"
19,"[ 3.2884583e-01  6.0937680e-02 -2.9580542e-01 -1.2833284e-01
  1.1346645e+00  5.1704049e-03 -6.1395335e-01  3.2887261e-03
  1.0000000e+00  1.1017387e+00 -5.1170588e-05  9.3490767e-01
 -2.5844574e-04  0.0000000e+00  2.9569864e-01  2.9905674e-01
  3.0952305e-01  3.2839093e-01  3.5827684e-01  4.0413168e-01
  4.7569805e-01  5.9428430e-01  8.1604064e-01  1.0000000e+00]","Observation from last step: 
Hull angle: 0.33
Angular velocity: 0.06
X velocity: -0.30
Y velocity: -0.13
Back revolute joint angle: 1.13
Back revolute joint speed: 0.01
Back lower leg angle: -0.61
Back lower leg speed: 0.00
Back leg ground contact flag: 1.00
Front revolute joint angle: 1.10
Front revolute joint speed: -0.00
Front lower leg angle: 0.93
Front lower leg speed: -0.00
Front leg ground contact flag: 0.00
Lidar 1 (0.00 rad): 0.30
Lidar 2 (0.15 rad): 0.30
Lidar 3 (0.30 rad): 0.31
Lidar 4 (0.45 rad): 0.33
Lidar 5 (0.60 rad): 0.36
Lidar 6 (0.75 rad): 0.40
Lidar 7 (0.90 rad): 0.48
Lidar 8 (1.05 rad): 0.59
Lidar 9 (1.20 rad): 0.82
Lidar 10 (1.35 rad): 1.00",-0.4206527009328195,The reward from the last step was: -0.42,-17.494557812770324,"
_
Observation from last step: 
Hull angle: 0.33
Angular velocity: 0.06
X velocity: -0.30
Y velocity: -0.13
Back revolute joint angle: 1.13
Back revolute joint speed: 0.01
Back lower leg angle: -0.61
Back lower leg speed: 0.00
Back leg ground contact flag: 1.00
Front revolute joint angle: 1.10
Front revolute joint speed: -0.00
Front lower leg angle: 0.93
Front lower leg speed: -0.00
Front leg ground contact flag: 0.00
Lidar 1 (0.00 rad): 0.30
Lidar 2 (0.15 rad): 0.30
Lidar 3 (0.30 rad): 0.31
Lidar 4 (0.45 rad): 0.33
Lidar 5 (0.60 rad): 0.36
Lidar 6 (0.75 rad): 0.40
Lidar 7 (0.90 rad): 0.48
Lidar 8 (1.05 rad): 0.59
Lidar 9 (1.20 rad): 0.82
Lidar 10 (1.35 rad): 1.00
rewards: The reward from the last step was: -0.42
score: Score: -17.494557812770324


Actions 
","['Move Back revolute joint 0.3, Back lower leg -0.2, Front revolute joint 0.4, Front lower leg 0.7  ', 'Move Back revolute joint 0.2, Back lower leg -0.1, Front revolute joint 0.5, Front lower leg 0.6  ', 'Move Back revolute joint 0.4, Back lower leg 0.0, Front revolute joint 0.3, Front lower leg 0.5  ', 'Move Back revolute joint 0.5, Back lower leg -0.3, Front revolute joint 0.1, Front lower leg 0.4  ', 'Move Back revolute joint 0.1, Back lower leg -0.4, Front revolute joint 0.6, Front lower leg 0.8  ']","[[0.3, -0.2, 0.4, 0.7], [0.2, -0.1, 0.5, 0.6], [0.4, 0.0, 0.3, 0.5], [0.5, -0.3, 0.1, 0.4], [0.1, -0.4, 0.6, 0.8]]"
20,"[ 4.9921352e-01  7.2660848e-02 -3.0555570e-01 -1.8929203e-01
  1.1327369e+00  5.5739284e-04 -6.0791671e-01  3.5550198e-04
  1.0000000e+00  1.1009400e+00 -5.5134296e-06  9.3490684e-01
 -2.7974447e-05  0.0000000e+00  2.5776953e-01  2.6069689e-01
  2.6982066e-01  2.8626838e-01  3.1232086e-01  3.5229391e-01
  4.1468051e-01  5.1805574e-01  7.1136749e-01  1.0000000e+00]","Observation from last step: 
Hull angle: 0.50
Angular velocity: 0.07
X velocity: -0.31
Y velocity: -0.19
Back revolute joint angle: 1.13
Back revolute joint speed: 0.00
Back lower leg angle: -0.61
Back lower leg speed: 0.00
Back leg ground contact flag: 1.00
Front revolute joint angle: 1.10
Front revolute joint speed: -0.00
Front lower leg angle: 0.93
Front lower leg speed: -0.00
Front leg ground contact flag: 0.00
Lidar 1 (0.00 rad): 0.26
Lidar 2 (0.15 rad): 0.26
Lidar 3 (0.30 rad): 0.27
Lidar 4 (0.45 rad): 0.29
Lidar 5 (0.60 rad): 0.31
Lidar 6 (0.75 rad): 0.35
Lidar 7 (0.90 rad): 0.41
Lidar 8 (1.05 rad): 0.52
Lidar 9 (1.20 rad): 0.71
Lidar 10 (1.35 rad): 1.00",-0.45760996487935357,The reward from the last step was: -0.46,-19.65303376741421,"
_
Observation from last step: 
Hull angle: 0.50
Angular velocity: 0.07
X velocity: -0.31
Y velocity: -0.19
Back revolute joint angle: 1.13
Back revolute joint speed: 0.00
Back lower leg angle: -0.61
Back lower leg speed: 0.00
Back leg ground contact flag: 1.00
Front revolute joint angle: 1.10
Front revolute joint speed: -0.00
Front lower leg angle: 0.93
Front lower leg speed: -0.00
Front leg ground contact flag: 0.00
Lidar 1 (0.00 rad): 0.26
Lidar 2 (0.15 rad): 0.26
Lidar 3 (0.30 rad): 0.27
Lidar 4 (0.45 rad): 0.29
Lidar 5 (0.60 rad): 0.31
Lidar 6 (0.75 rad): 0.35
Lidar 7 (0.90 rad): 0.41
Lidar 8 (1.05 rad): 0.52
Lidar 9 (1.20 rad): 0.71
Lidar 10 (1.35 rad): 1.00
rewards: The reward from the last step was: -0.46
score: Score: -19.65303376741421


Actions 
","['Move Back revolute joint 0.3, Back lower leg -0.2, Front revolute joint 0.4, Front lower leg 0.7  ', 'Move Back revolute joint 0.2, Back lower leg -0.1, Front revolute joint 0.5, Front lower leg 0.6  ', 'Move Back revolute joint 0.4, Back lower leg 0.0, Front revolute joint 0.3, Front lower leg 0.5  ', 'Move Back revolute joint 0.5, Back lower leg -0.3, Front revolute joint 0.1, Front lower leg 0.4  ', 'Move Back revolute joint 0.1, Back lower leg -0.4, Front revolute joint 0.6, Front lower leg 0.8  ']","[[0.3, -0.2, 0.4, 0.7], [0.2, -0.1, 0.5, 0.6], [0.4, 0.0, 0.3, 0.5], [0.5, -0.3, 0.1, 0.4], [0.1, -0.4, 0.6, 0.8]]"
21,"[ 7.1092749e-01  9.0023763e-02 -3.1153610e-01 -2.4364771e-01
  1.1295240e+00  3.4563541e-03 -5.9873593e-01  2.7325153e-03
  0.0000000e+00  1.1203262e+00  2.6225156e-01  9.3554926e-01
 -4.3471653e-05  0.0000000e+00  2.0729573e-01  2.0964988e-01
  2.1698713e-01  2.3021424e-01  2.5116536e-01  2.8331131e-01
  3.3348200e-01  4.1661534e-01  5.7207477e-01  9.4652689e-01]","Observation from last step: 
Hull angle: 0.71
Angular velocity: 0.09
X velocity: -0.31
Y velocity: -0.24
Back revolute joint angle: 1.13
Back revolute joint speed: 0.00
Back lower leg angle: -0.60
Back lower leg speed: 0.00
Back leg ground contact flag: 0.00
Front revolute joint angle: 1.12
Front revolute joint speed: 0.26
Front lower leg angle: 0.94
Front lower leg speed: -0.00
Front leg ground contact flag: 0.00
Lidar 1 (0.00 rad): 0.21
Lidar 2 (0.15 rad): 0.21
Lidar 3 (0.30 rad): 0.22
Lidar 4 (0.45 rad): 0.23
Lidar 5 (0.60 rad): 0.25
Lidar 6 (0.75 rad): 0.28
Lidar 7 (0.90 rad): 0.33
Lidar 8 (1.05 rad): 0.42
Lidar 9 (1.20 rad): 0.57
Lidar 10 (1.35 rad): 0.95",-0.5064068371772766,The reward from the last step was: -0.51,-22.071867668215553,"
_
Observation from last step: 
Hull angle: 0.71
Angular velocity: 0.09
X velocity: -0.31
Y velocity: -0.24
Back revolute joint angle: 1.13
Back revolute joint speed: 0.00
Back lower leg angle: -0.60
Back lower leg speed: 0.00
Back leg ground contact flag: 0.00
Front revolute joint angle: 1.12
Front revolute joint speed: 0.26
Front lower leg angle: 0.94
Front lower leg speed: -0.00
Front leg ground contact flag: 0.00
Lidar 1 (0.00 rad): 0.21
Lidar 2 (0.15 rad): 0.21
Lidar 3 (0.30 rad): 0.22
Lidar 4 (0.45 rad): 0.23
Lidar 5 (0.60 rad): 0.25
Lidar 6 (0.75 rad): 0.28
Lidar 7 (0.90 rad): 0.33
Lidar 8 (1.05 rad): 0.42
Lidar 9 (1.20 rad): 0.57
Lidar 10 (1.35 rad): 0.95
rewards: The reward from the last step was: -0.51
score: Score: -22.071867668215553


Actions 
","['Move Back revolute joint 0.3, Back lower leg -0.2, Front revolute joint 0.4, Front lower leg 0.7  ', 'Move Back revolute joint 0.2, Back lower leg -0.1, Front revolute joint 0.5, Front lower leg 0.6  ', 'Move Back revolute joint 0.4, Back lower leg 0.0, Front revolute joint 0.3, Front lower leg 0.5  ', 'Move Back revolute joint 0.5, Back lower leg -0.3, Front revolute joint 0.1, Front lower leg 0.4  ', 'Move Back revolute joint 0.1, Back lower leg -0.4, Front revolute joint 0.6, Front lower leg 0.8  ']","[[0.3, -0.2, 0.4, 0.7], [0.2, -0.1, 0.5, 0.6], [0.4, 0.0, 0.3, 0.5], [0.5, -0.3, 0.1, 0.4], [0.1, -0.4, 0.6, 0.8]]"
